<?xml version="1.0" encoding="UTF-8"?>
<beans xmlns="http://www.springframework.org/schema/beans"
xmlns:xsi="http://www.w3.org/2001/XMLSchema-instance"
xsi:schemaLocation="http://www.springframework.org/schema/beans http://www.springframework.org/schema/beans/spring-beans.xsd">
		
	<bean id="targetBean" class="Ex6_1.MessageBeanImpl">
		<property name="name"><value>Spring</value></property>
	</bean>
	
	<bean id="loggingAdvice" class="Ex6_1.LoggingAdvice"/>
	
	<bean id="proxy" class="org.springframework.aop.framework.ProxyFactoryBean">
		<property name="target" ref="targetBean"/>
		<property name="interceptorNames"><list><value>helloAdvisor</value></list></property>
	</bean>
	
	<bean id="helloAdvisor" class="org.springframework.aop.support.DefaultPointcutAdvisor">
		<property name="advice" ref="loggingAdvice"/>
		<property name="pointcut">
			<bean class="org.springframework.aop.support.JdkRegexpMethodPointcut">
				<property name="pattern"><value>.*sayHello.*</value></property>
			</bean>
		</property>
	</bean>
	
 </beans>