<?xml version="1.0" encoding="UTF-8"?>

<beans xmlns="http://www.springframework.org/schema/beans"
	xmlns:context="http://www.springframework.org/schema/context"
	xmlns:xsi="http://www.w3.org/2001/XMLSchema-instance"
	xsi:schemaLocation="http://www.springframework.org/schema/beans
		http://www.springframework.org/schema/beans/spring-beans.xsd
		http://www.springframework.org/schema/context
		http://www.springframework.org/schema/context/spring-context.xsd">

	<context:annotation-config />
	
	<bean id="operatorBean" class="Ex4_2.MinusOp" ></bean>
	
	<bean id="op1" class="Ex4_2.Operand" scope="prototype">
		<constructor-arg value="30.0"/>
		<qualifier value="operand1"/>
	</bean>
	<bean id="op2" class="Ex4_2.Operand" scope="prototype">
		<constructor-arg value="10.0"/>
		<qualifier value="operand2"/>
	</bean>
	
	


 
 </beans>